{
    "Naive Bayes": {
        "mixed": {
            "F1 Score": 0.9782184850034769,
            "ASR": 0.035807291666666664
        }
    },
    "SVM": {
        "mixed": {
            "F1 Score": 0.9759350718170408,
            "ASR": 0.044921875
        }
    },
    "Decision Tree": {
        "mixed": {
            "F1 Score": 0.9129858482495119,
            "ASR": 0.12825520833333334
        }
    },
    "LSTM": {
        "mixed": {
            "F1 Score": 0.9857348463209876,
            "ASR": 0.024088541666666668
        }
    }
}