{
    "Naive Bayes": {
        "mixed": {
            "F1 Score": 0.970276863686651,
            "ASR": 0.033854166666666664
        }
    },
    "SVM": {
        "mixed": {
            "F1 Score": 0.9686376171525447,
            "ASR": 0.05859375
        }
    },
    "Decision Tree": {
        "mixed": {
            "F1 Score": 0.9258394385877766,
            "ASR": 0.107421875
        }
    },
    "LSTM": {
        "mixed": {
            "F1 Score": 0.9802188212121412,
            "ASR": 0.033854166666666664
        }
    },
    "Stacking Ensemble": {
        "mixed": {
            "F1 Score": 0.9724898126899338,
            "ASR": 0.037760416666666664
        }
    },
    "Voting Ensemble": {
        "mixed": {
            "F1 Score": 0.9696903658337731,
            "ASR": 0.049479166666666664
        }
    }
}